<?xml version="1.0" encoding="UTF-8"?>
<project-private xmlns="http://www.netbeans.org/ns/project-private/1">
    <editor-bookmarks xmlns="http://www.netbeans.org/ns/editor-bookmarks/2" lastBookmarkId="0"/>
    <open-files xmlns="http://www.netbeans.org/ns/projectui-open-files/2">
        <group>
            <file>file:/C:/Users/marti/OneDrive%20-%20Universidad%20Católica%20del%20Uruguay/Escritorio/Algoritmos%20y%20Estructuras%20de%20Datos/UT3/TAs/ta2-ej1-equipo1/src/Main.java</file>
            <file>file:/C:/Users/marti/OneDrive%20-%20Universidad%20Católica%20del%20Uruguay/Escritorio/Algoritmos%20y%20Estructuras%20de%20Datos/UT3/TAs/ta2-ej1-equipo1/src/Lista.java</file>
        </group>
    </open-files>
</project-private>
