<?xml version="1.0" encoding="UTF-8"?>
<project-private xmlns="http://www.netbeans.org/ns/project-private/1">
    <editor-bookmarks xmlns="http://www.netbeans.org/ns/editor-bookmarks/2" lastBookmarkId="0"/>
    <open-files xmlns="http://www.netbeans.org/ns/projectui-open-files/2">
        <group>
            <file>file:/E:/ucudal/Estructura%20de%20Datos/TBL/AED1-2017-1/EXAMEN%20JULIO%202017/codigo/ExamenFebrero2017/src/examen/TAlumno.java</file>
            <file>file:/E:/ucudal/Estructura%20de%20Datos/TBL/AED1-2017-1/EXAMEN%20JULIO%202017/codigo/ExamenFebrero2017/src/examen/TElementoAB.java</file>
            <file>file:/E:/ucudal/Estructura%20de%20Datos/TBL/AED1-2017-1/EXAMEN%20JULIO%202017/codigo/ExamenFebrero2017/src/examen/Examen.java</file>
            <file>file:/E:/ucudal/Estructura%20de%20Datos/TBL/AED1-2017-1/EXAMEN%20JULIO%202017/codigo/ExamenFebrero2017/src/examen/IElementoAB.java</file>
            <file>file:/E:/ucudal/Estructura%20de%20Datos/TBL/AED1-2017-1/EXAMEN%20JULIO%202017/codigo/ExamenFebrero2017/src/examen/Lista.java</file>
            <file>file:/E:/ucudal/Estructura%20de%20Datos/TBL/AED1-2017-1/EXAMEN%20JULIO%202017/codigo/ExamenFebrero2017/src/examen/ManejadorArchivosGenerico.java</file>
            <file>file:/E:/ucudal/Estructura%20de%20Datos/TBL/AED1-2017-1/EXAMEN%20JULIO%202017/codigo/ExamenFebrero2017/src/examen/TArbolBB.java</file>
            <file>file:/E:/ucudal/Estructura%20de%20Datos/TBL/AED1-2017-1/EXAMEN%20JULIO%202017/codigo/ExamenFebrero2017/src/examen/IArbolBB.java</file>
            <file>file:/E:/ucudal/Estructura%20de%20Datos/TBL/AED1-2017-1/EXAMEN%20JULIO%202017/codigo/ExamenFebrero2017/src/examen/Nodo.java</file>
        </group>
    </open-files>
</project-private>
