<?xml version="1.0" encoding="UTF-8"?>
<project-private xmlns="http://www.netbeans.org/ns/project-private/1">
    <editor-bookmarks xmlns="http://www.netbeans.org/ns/editor-bookmarks/2" lastBookmarkId="0"/>
    <open-files xmlns="http://www.netbeans.org/ns/projectui-open-files/2">
        <group>
            <file>file:/C:/Users/marti/Downloads/UT9_TA8/src/ut9_ta8/MedicionTiempo.java</file>
            <file>file:/C:/Users/marti/Downloads/UT9_TA8/src/ut9_ta8/UT9_TA8.java</file>
            <file>file:/C:/Users/marti/Downloads/UT9_TA8/src/ut9_ta8/TClasificador.java</file>
        </group>
    </open-files>
</project-private>
